{
  "name": "plupload",
  "license": "AGPLv3",
  "repository": {
    "type": "git",
    "url": "https://github.com/moxiecode/plupload.git"
  },
  "main": [
    "./js/plupload.full.min.js"
  ],
  "ignore": [
    "tests/",
    "src/",
    "build/",
    "examples/",
    "Jakefile.js",
    "package.json",
    "bower.json",
    "composer.json",
    "README.md",
    ".*"
  ],
  "version": "2.3.1",
  "_release": "2.3.1",
  "_resolution": {
    "type": "version",
    "tag": "v2.3.1",
    "commit": "d7150ca0a192e3a07ac7468f661edeca767a7163"
  },
  "_source": "https://github.com/moxiecode/plupload.git",
  "_target": "^2.2.0",
  "_originalSource": "plupload"
}