{
  "name": "Sortable",
  "main": [
    "Sortable.js"
  ],
  "description": "Minimalist library for reorderable drag-and-drop lists on modern browsers and touch devices. No jQuery.",
  "keywords": [
    "sortable",
    "reorder",
    "list",
    "html5",
    "drag",
    "and",
    "drop",
    "dnd",
    "web-components"
  ],
  "license": "MIT",
  "ignore": [
    "node_modules",
    "bower_components",
    "test",
    "tests"
  ],
  "version": "1.6.0",
  "_release": "1.6.0",
  "_resolution": {
    "type": "version",
    "tag": "1.6.0",
    "commit": "317d98d905d1d9690e3f0de747310cf64d554141"
  },
  "_source": "https://github.com/RubaXa/Sortable.git",
  "_target": "^1.5.0",
  "_originalSource": "Sortable"
}
