{
  "name": "layer",
  "main": "src/layer.js",
  "version": "3.0.3",
  "homepage": "https://github.com/sentsin/layer",
  "authors": [
    "sentsin <xu@sentsin.com>"
  ],
  "description": "弹窗组件",
  "moduleType": [
    "amd",
    "globals"
  ],
  "keywords": [
    "layer",
    "layui",
    "dialog"
  ],
  "license": "MIT",
  "_release": "3.0.3",
  "_resolution": {
    "type": "version",
    "tag": "3.0.3",
    "commit": "cc4b29dfadbe46faa68472002f2c5d9a19391f32"
  },
  "_source": "https://github.com/sentsin/layer.git",
  "_target": "*",
  "_originalSource": "layer"
}