{
    "name": "devbridge-autocomplete",
    "title": "DevBridge Autocomplete",
    "description": "Autocomplete provides suggestions while you type into the text field. ",
    "keywords": [
        "ajax",
        "autocomplete"
    ],
    "version": "1.4.1",
    "licenses": [
        {
            "type": "MIT",
            "url": "https://github.com/devbridge/jQuery-Autocomplete/blob/master/license.txt"
        }
    ],
    "bugs": "https://github.com/devbridge/jQuery-Autocomplete/issues?state=open",
    "homepage": "https://github.com/devbridge/jQuery-Autocomplete",
    "docs": "https://github.com/devbridge/jQuery-Autocomplete",
    "demo": "http://www.devbridge.com/sourcery/components/jquery-autocomplete/",
    "download": "https://github.com/devbridge/jQuery-Autocomplete/tree/master/dist",
    "dependencies": {
        "jquery": ">=1.7"
    }
}